# Redirects of previous paths under jim-nielsen.com/
/blog/* https://blog.jim-nielsen.com/:splat 301
/logo-integrity/* https://logo-integrity.jim-nielsen.com/:splat 301
/sandbox/old-interfaces/* https://old-movie-uis.jim-nielsen.com/:splat 301
/sandbox/kindlinglovesstartups/* https://kindling-loves-startups.jim-nielsen.com/:splat 301
/gimmiedaticon/* https://gimmie-dat-icon.jim-nielsen.com/:splat 301
/teamcolors/* https://teamcolors.jim-nielsen.com/:splat 301
/sassme/* https://sassme.jim-nielsen.com/:splat 301
